last_name,first_name,age,student_id,month,day,year
Adams,Mark,22,MarkAdamsNone1716950548.7449162,9,27,2001
Beard,Alfred,22,AlfredBeardNone1716950548.7455168,6,16,2001
Duer,Joyce,21,JoyceDuerNone1716950548.7563665,1,13,2003
Milligan,Patti,14,PattiMilliganNone1716950548.757359,6,21,2009
Sibley,Carol,14,CarolSibleyNone1716950548.7596226,11,15,2009
Lepage,Nancy,23,NancyLepageNone1716950548.7646997,12,15,2000
Buser,Freddie,17,FreddieBuserNone1716950548.7720776,4,16,2007
Adams,Misti,21,MistiAdamsNone1716950548.772819,5,17,2003
Booth,Anthony,15,AnthonyBoothNone1716950548.7732203,2,15,2009
Terry,Christopher,22,ChristopherTerryNone1716950548.7734337,9,25,2001
Pride,William,23,WilliamPrideNone1716950548.775318,11,10,2000
Luchetti,Mario,17,MarioLuchettiNone1716950548.814843,12,2,2006
Taber,Harvey,21,HarveyTaberNone1716950548.8183053,6,27,2002
Hutson,Irvin,20,IrvinHutsonNone1716950548.8206182,12,3,2003
Williams,Kevin,15,KevinWilliamsNone1716950548.8208156,6,4,2008
Mitchell,Stephen,23,StephenMitchellNone1716950548.8209996,5,22,2001
Mcalpin,Keith,15,KeithMcalpinNone1716950548.8268423,2,10,2009
Stolar,Angelica,22,AngelicaStolarNone1716950548.8724923,8,8,2001
Thomas,Valerie,19,ValerieThomasNone1716950548.872716,8,2,2004
Phillips,Irma,17,IrmaPhillipsNone1716950548.872937,8,14,2006
Canchola,Jonathan,17,JonathanCancholaNone1716950548.8788037,1,18,2007
Beamish,Charles,20,CharlesBeamishNone1716950548.896954,5,28,2004
Light,Shirley,20,ShirleyLightNone1716950548.8979554,7,24,2003
Fike,Becky,23,BeckyFikeNone1716950548.9012775,7,21,2000
Stiner,Armand,16,ArmandStinerNone1716950548.908774,4,6,2008
Luvene,Melissa,18,MelissaLuveneNone1716950548.9514198,9,27,2005
Patwell,Lisa,18,LisaPatwellNone1716950548.9959161,9,3,2005
Oldroyd,Richard,22,RichardOldroydNone1716950549.0107028,9,18,2001
Akins,Raymond,19,RaymondAkinsNone1716950549.0117855,3,22,2005
Logan,Sara,24,SaraLoganNone1716950549.0121748,1,30,2000
Mackey,Patsy,17,PatsyMackeyNone1716950549.0129302,10,26,2006
Hamilton,Harry,21,HarryHamiltonNone1716950549.0130794,10,4,2002
Phillips,Steven,21,StevenPhillipsNone1716950549.0131698,11,3,2002
Walsh,Darius,17,DariusWalshNone1716950549.0137227,4,25,2007
Borden,Aida,18,AidaBordenNone1716950549.0154567,4,10,2006
Gunnell,Lois,20,LoisGunnellNone1716950549.0249963,3,24,2004
Hemphill,Laura,24,LauraHemphillNone1716950549.026355,5,27,2000
Radford,Cindy,19,CindyRadfordNone1716950549.0279913,6,20,2004
Oliver,William,22,WilliamOliverNone1716950549.0282757,7,27,2001
Connors,Carmen,21,CarmenConnorsNone1716950549.0298214,8,12,2002
Barnes,Eduardo,17,EduardoBarnesNone1716950549.0300696,1,2,2007
Gamble,Lisa,22,LisaGambleNone1716950549.030544,1,6,2002
Parris,Stevie,17,StevieParrisNone1716950549.0323565,8,3,2006
Silva,Michael,17,MichaelSilvaNone1716950549.0326123,8,20,2006
Kong,Jason,19,JasonKongNone1716950549.0350604,10,12,2004
Zepeda,Paul,20,PaulZepedaNone1716950549.0363848,8,7,2003
Craycraft,Estella,17,EstellaCraycraftNone1716950549.0500474,4,2,2007
Faurrieta,William,23,WilliamFaurrietaNone1716950549.080471,12,29,2000
Rivera,Robert,18,RobertRiveraNone1716950549.0806534,7,30,2005
Davis,Freeman,15,FreemanDavisNone1716950549.0811317,1,28,2009
Flannery,John,18,JohnFlanneryNone1716950549.082863,6,20,2005
Croteau,Aron,21,AronCroteauNone1716950549.0850098,4,23,2003
Johnson,Rose,20,RoseJohnsonNone1716950549.085124,4,4,2004
Johnson,Robin,16,RobinJohnsonNone1716950549.0852387,5,27,2008
Butts,Craig,19,CraigButtsNone1716950549.0859177,4,2,2005
Upshur,Gary,20,GaryUpshurNone1716950549.0981004,10,12,2003
Solis,Bessie,14,BessieSolisNone1716950549.0986197,10,21,2009
Edwards,Robert,18,RobertEdwardsNone1716950549.0987117,2,2,2006
Butler,Julie,21,JulieButlerNone1716950549.0988972,2,12,2003
Anderson,Matthew,22,MatthewAndersonNone1716950549.0990021,12,31,2001
Carr,Caroline,23,CarolineCarrNone1716950549.099356,6,29,2000
Blatt,Eva,20,EvaBlattNone1716950549.104713,10,10,2003
Alfaro,Deloris,15,DelorisAlfaroNone1716950549.106076,11,3,2008
Robert,Maxine,16,MaxineRobertNone1716950549.1077342,10,26,2007
Kingsley,Heather,19,HeatherKingsleyNone1716950549.1096637,4,13,2005
Rodriquez,Anna,22,AnnaRodriquezNone1716950549.1099317,2,23,2002
Lee,Nina,22,NinaLeeNone1716950549.110131,12,26,2001
Lopes,Juan,19,JuanLopesNone1716950549.111702,3,11,2005
Yarmitsky,Richard,19,RichardYarmitskyNone1716950549.1467826,1,20,2005
Lash,Linda,19,LindaLashNone1716950549.1489663,2,13,2005
Ochoa,Dwain,23,DwainOchoaNone1716950549.149868,3,11,2001
Hyde,Gregory,16,GregoryHydeNone1716950549.150408,6,30,2007
Howe,Clifton,20,CliftonHoweNone1716950549.1510015,11,3,2003
Barnes,Gladys,20,GladysBarnesNone1716950549.151256,7,28,2003
Jansen,Gina,19,GinaJansenNone1716950549.1526718,7,8,2004
Gregg,Mildred,17,MildredGreggNone1716950549.1532407,8,15,2006
Crites,Gary,17,GaryCritesNone1716950549.1561558,6,15,2006
Blatz,Roy,16,RoyBlatzNone1716950549.1700368,6,26,2007
Paul,Elvis,14,ElvisPaulNone1716950549.170669,12,26,2009
Taylor,Kenneth,15,KennethTaylorNone1716950549.1707673,10,22,2008
Dempsey,Mark,15,MarkDempseyNone1716950549.1714623,7,15,2008
Grant,Charisse,16,CharisseGrantNone1716950549.1723468,3,31,2008
Luevano,Daniell,18,DaniellLuevanoNone1716950549.1768408,6,2,2005
Cochran,Sharon,22,SharonCochranNone1716950549.1771722,3,3,2002
Hopes,Courtney,20,CourtneyHopesNone1716950549.1851325,10,18,2003
Grullon,William,20,WilliamGrullonNone1716950549.1907115,3,11,2004
Quon,Shirley,20,ShirleyQuonNone1716950549.1986492,9,3,2003
Kriegel,Hazel,23,HazelKriegelNone1716950549.2094464,5,12,2001
Hardin,Lisa,22,LisaHardinNone1716950549.209979,2,22,2002
Forman,Thomas,20,ThomasFormanNone1716950549.2119427,8,28,2003
Anderson,Alex,16,AlexAndersonNone1716950549.2120972,7,31,2007
Burgener,Linnie,21,LinnieBurgenerNone1716950549.2246675,1,1,2003
Parkinson,Lewis,17,LewisParkinsonNone1716950549.2265687,8,27,2006
Rice,Tanya,16,TanyaRiceNone1716950549.2268312,2,11,2008
Thomas,Jose,17,JoseThomasNone1716950549.2269194,11,26,2006
Howard,Kayla,15,KaylaHowardNone1716950549.227375,3,15,2009
Barton,Stacey,23,StaceyBartonNone1716950549.2277706,1,18,2001
Aguilar,Jennifer,15,JenniferAguilarNone1716950549.2280755,10,29,2008
Powell,Michelle,20,MichellePowellNone1716950549.2282197,5,7,2004
Callaghan,Gertrude,18,GertrudeCallaghanNone1716950549.2308495,10,26,2005
Osborne,Audrey,22,AudreyOsborneNone1716950549.2313619,5,2,2002
Shaver,Dominick,16,DominickShaverNone1716950549.2328427,9,4,2007
Foster,Michael,16,MichaelFosterNone1716950549.2329922,2,16,2008
Giddins,Hans,18,HansGiddinsNone1716950549.2547972,7,11,2005
Runkle,Michael,15,MichaelRunkleNone1716950549.2606227,5,20,2009
Rousey,Harvey,23,HarveyRouseyNone1716950549.269487,5,21,2001
Marcoux,Edwin,17,EdwinMarcouxNone1716950549.2741623,12,14,2006
Lund,Linda,17,LindaLundNone1716950549.2749298,4,10,2007
Miller,Ramon,16,RamonMillerNone1716950549.2751436,8,18,2007
Osman,Jean,19,JeanOsmanNone1716950549.2796137,2,23,2005
Jones,Roman,22,RomanJonesNone1716950549.28,11,10,2001
Spence,Richard,21,RichardSpenceNone1716950549.2806847,7,19,2002
Uplinger,Margaret,20,MargaretUplingerNone1716950549.2932794,11,14,2003
Dore,Julian,22,JulianDoreNone1716950549.2969835,8,22,2001
Poplin,Stephen,22,StephenPoplinNone1716950549.304383,6,26,2001
Mccraw,Wayne,18,WayneMccrawNone1716950549.3079703,6,17,2005
Flores,Marvin,23,MarvinFloresNone1716950549.308244,10,13,2000
Jackson,Scott,24,ScottJacksonNone1716950549.3083937,5,15,2000
Florentino,James,22,JamesFlorentinoNone1716950549.3236706,10,29,2001
Cotton,Lamar,17,LamarCottonNone1716950549.3243856,12,4,2006
Combs,Bobby,24,BobbyCombsNone1716950549.3247402,4,12,2000
Carriaga,Patricia,18,PatriciaCarriagaNone1716950549.3543158,5,18,2006
Gilliam,Scott,23,ScottGilliamNone1716950549.3548725,11,22,2000
Davis,Gary,20,GaryDavisNone1716950549.3549612,5,9,2004
Wilson,Antonio,18,AntonioWilsonNone1716950549.3551364,12,12,2005
Shafer,Linda,16,LindaShaferNone1716950549.3559194,11,13,2007
Delossantos,Kim,15,KimDelossantosNone1716950549.3574207,3,20,2009
Davis,Clinton,15,ClintonDavisNone1716950549.3576584,11,20,2008
Lorraine,Tina,22,TinaLorraineNone1716950549.3694804,6,10,2001
Wirt,James,20,JamesWirtNone1716950549.3746772,5,25,2004
Harness,Melissa,23,MelissaHarnessNone1716950549.3763986,7,21,2000
Shook,Lily,16,LilyShookNone1716950549.3777971,4,1,2008
Pillsbury,Charise,18,CharisePillsburyNone1716950549.385218,5,11,2006
Socha,Roland,15,RolandSochaNone1716950549.3913028,4,20,2009
Olander,Lisa,16,LisaOlanderNone1716950549.3957918,9,4,2007
Nieto,Pamela,23,PamelaNietoNone1716950549.397164,9,9,2000
Miller,Shane,15,ShaneMillerNone1716950549.397331,3,4,2009
Metzger,Mark,22,MarkMetzgerNone1716950549.3983243,12,31,2001
Jones,Joseph,15,JosephJonesNone1716950549.398395,11,16,2008
Creel,William,22,WilliamCreelNone1716950549.4006476,7,22,2001
West,Laila,19,LailaWestNone1716950549.4018629,11,23,2004
Smith,Charles,20,CharlesSmithNone1716950549.4019449,3,23,2004
Rosenthal,David,15,DavidRosenthalNone1716950549.4031768,12,18,2008
Vanmeter,Tiffani,19,TiffaniVanmeterNone1716950549.4062355,4,3,2005
Paige,Phyllis,15,PhyllisPaigeNone1716950549.4072123,10,8,2008
Swing,Judy,19,JudySwingNone1716950549.4158282,6,21,2004
Smith,William,22,WilliamSmithNone1716950549.4159153,1,12,2002
Prat,Petra,16,PetraPratNone1716950549.4568303,1,30,2008
Lovelock,Eric,15,EricLovelockNone1716950549.4788961,12,1,2008
Overturf,Claire,21,ClaireOverturfNone1716950549.4835184,8,12,2002
Collado,Mary,22,MaryColladoNone1716950549.4857204,9,13,2001
Caudle,Robert,21,RobertCaudleNone1716950549.4877322,12,27,2002
Guess,Ricardo,18,RicardoGuessNone1716950549.4899597,12,11,2005
Sierra,Tommy,24,TommySierraNone1716950549.4908955,5,3,2000
Ballas,Thomas,19,ThomasBallasNone1716950549.5051112,10,23,2004
Gillis,Mark,19,MarkGillisNone1716950549.5065842,7,29,2004
Markovich,Christy,20,ChristyMarkovichNone1716950549.5202048,5,29,2004
Kher,Jason,22,JasonKherNone1716950549.550514,8,27,2001
Opie,Blanche,20,BlancheOpieNone1716950549.56519,1,4,2004
Hooper,James,16,JamesHooperNone1716950549.5658073,2,1,2008
Martin,Lula,18,LulaMartinNone1716950549.5661693,7,10,2005
Gore,Robert,14,RobertGoreNone1716950549.5668478,6,23,2009
Thibeaux,Dorathy,15,DorathyThibeauxNone1716950549.5852118,12,12,2008
Lafrance,Lester,15,LesterLafranceNone1716950549.5889726,11,30,2008
Kato,Charles,18,CharlesKatoNone1716950549.592676,12,17,2005
Bays,Louise,19,LouiseBaysNone1716950549.5960922,6,9,2004
Buchanan,Madeline,15,MadelineBuchananNone1716950549.5968835,3,28,2009
Lamon,Juanita,17,JuanitaLamonNone1716950549.605977,11,27,2006
Young,Trent,21,TrentYoungNone1716950549.6065147,3,20,2003
Porter,Tommy,17,TommyPorterNone1716950549.606876,2,23,2007
Bailey,Gary,19,GaryBaileyNone1716950549.6070764,4,5,2005
Loveland,Verna,16,VernaLovelandNone1716950549.611347,1,22,2008
Esparza,Alberto,16,AlbertoEsparzaNone1716950549.612656,9,4,2007
Harriott,Alta,23,AltaHarriottNone1716950549.6299915,12,1,2000
Desjardins,Erik,16,ErikDesjardinsNone1716950549.634009,8,1,2007
Hollars,George,16,GeorgeHollarsNone1716950549.6447275,8,16,2007
Sherrod,Mary,15,MarySherrodNone1716950549.6469336,8,27,2008
Butler,Corey,18,CoreyButlerNone1716950549.6472788,10,6,2005
Sandate,Dennis,17,DennisSandateNone1716950549.6782105,7,19,2006
Bailey,William,14,WilliamBaileyNone1716950549.678416,11,3,2009
Perryman,Daniel,17,DanielPerrymanNone1716950549.6804276,9,5,2006
Larrieu,Sabrina,20,SabrinaLarrieuNone1716950549.7241096,2,15,2004
Skolnick,Sandy,18,SandySkolnickNone1716950549.7388246,11,23,2005
Solomon,Eileen,18,EileenSolomonNone1716950549.739599,8,27,2005
Fitzgerald,Faith,16,FaithFitzgeraldNone1716950549.7403688,2,14,2008
Hendricks,Barbara,16,BarbaraHendricksNone1716950549.7410913,11,8,2007
Mullis,Victoria,19,VictoriaMullisNone1716950549.7435849,6,28,2004
Kessler,Ruben,19,RubenKesslerNone1716950549.744738,7,20,2004
Zimmerman,Deborah,20,DeborahZimmermanNone1716950549.7453043,8,1,2003
Hensley,William,20,WilliamHensleyNone1716950549.746672,5,13,2004
Weaver,Catherine,19,CatherineWeaverNone1716950549.74696,8,13,2004
Fazzone,Johanna,22,JohannaFazzoneNone1716950549.776632,4,24,2002
Juariqui,Dennis,17,DennisJuariquiNone1716950549.8282864,8,28,2006
Diver,Aida,19,AidaDiverNone1716950549.8444364,2,1,2005
Rea,Hazel,23,HazelReaNone1716950549.8464186,5,15,2001
Dingman,Claudia,21,ClaudiaDingmanNone1716950549.851708,6,16,2002
Doyle,Helena,21,HelenaDoyleNone1716950549.8526607,2,12,2003
Hayzlett,Mercedes,23,MercedesHayzlettNone1716950549.8840785,11,14,2000
Boyd,Betty,16,BettyBoydNone1716950549.8843172,6,27,2007
Kohn,George,20,GeorgeKohnNone1716950549.8870747,8,19,2003
Cartwright,Joy,17,JoyCartwrightNone1716950549.8881693,4,25,2007
Morgan,Peter,22,PeterMorganNone1716950549.888378,3,25,2002
Rogers,Mary,16,MaryRogersNone1716950549.8885446,8,8,2007
Metzner,Mary,21,MaryMetznerNone1716950549.912514,1,7,2003
Wood,Crystal,19,CrystalWoodNone1716950549.9127495,4,8,2005
Manes,Yvonne,24,YvonneManesNone1716950549.9207397,3,29,2000
Valenzuela,Elizabeth,15,ElizabethValenzuelaNone1716950549.9212503,2,6,2009
Cotton,Donald,23,DonaldCottonNone1716950549.9219067,11,1,2000
Cooper,Jonathon,18,JonathonCooperNone1716950549.9223366,11,28,2005
Pena,Dora,20,DoraPenaNone1716950549.9228644,4,9,2004
Coca,Shirley,20,ShirleyCocaNone1716950549.9358413,5,5,2004
Brocklehurst,Judi,18,JudiBrocklehurstNone1716950549.9601765,1,1,2006
Frazier,Brett,23,BrettFrazierNone1716950549.9606817,2,14,2001
Moore,Marilyn,22,MarilynMooreNone1716950549.960863,3,11,2002
Cooper,Amber,23,AmberCooperNone1716950549.9611092,10,20,2000
Aubert,Felipa,15,FelipaAubertNone1716950549.9771338,8,16,2008
Woodruff,Samuel,22,SamuelWoodruffNone1716950549.9782684,6,29,2001
Bass,Perry,19,PerryBassNone1716950549.9789853,11,21,2004
Mendoza,Jeanne,22,JeanneMendozaNone1716950549.9795046,6,26,2001
Pierre,Randy,16,RandyPierreNone1716950549.9804683,3,19,2008
Gaddis,Jason,20,JasonGaddisNone1716950549.9821837,12,11,2003
Bass,Yolanda,19,YolandaBassNone1716950549.982644,7,25,2004
Shirley,Leo,22,LeoShirleyNone1716950549.9834514,4,9,2002
Devilbiss,Linda,22,LindaDevilbissNone1716950549.9983823,2,9,2002
Green,Vera,20,VeraGreenNone1716950549.9986265,10,1,2003
Bove,Jeff,17,JeffBoveNone1716950550.0020132,7,20,2006
Nakagawa,Paula,15,PaulaNakagawaNone1716950550.0079153,12,3,2008
Mcmillan,Joyce,24,JoyceMcmillanNone1716950550.0084195,2,6,2000
Hart,Mitchell,15,MitchellHartNone1716950550.008733,12,26,2008
Thomson,Sheila,14,SheilaThomsonNone1716950550.0100145,10,11,2009
Carter,Leonard,20,LeonardCarterNone1716950550.0102248,10,9,2003
Valentine,Glen,23,GlenValentineNone1716950550.0109916,7,6,2000
Mckibben,Susan,14,SusanMckibbenNone1716950550.0151386,8,12,2009
Ordway,Federico,21,FedericoOrdwayNone1716950550.0203297,7,13,2002
Gordon,Lester,20,LesterGordonNone1716950550.0206726,4,15,2004
Sullivan,Calvin,14,CalvinSullivanNone1716950550.0209737,10,30,2009
Schroyer,Katherine,15,KatherineSchroyerNone1716950550.0315511,12,6,2008
Turrey,Glenda,23,GlendaTurreyNone1716950550.059143,8,7,2000
Charlton,Darlene,24,DarleneCharltonNone1716950550.0619094,1,19,2000
Mcgrath,Pamela,17,PamelaMcgrathNone1716950550.0627966,11,7,2006
Smith,Sara,20,SaraSmithNone1716950550.062977,8,17,2003
Overstreet,Bettye,21,BettyeOverstreetNone1716950550.0650747,4,9,2003
Moen,Ray,19,RayMoenNone1716950550.067337,1,4,2005
Williams,Deanna,18,DeannaWilliamsNone1716950550.0675936,3,15,2006
Watkins,Elizabeth,20,ElizabethWatkinsNone1716950550.0677905,6,26,2003
Phipps,Jacqueline,23,JacquelinePhippsNone1716950550.0685668,11,9,2000
Wolfe,Thelma,21,ThelmaWolfeNone1716950550.068957,3,8,2003
Norrix,Scott,14,ScottNorrixNone1716950550.1008596,12,9,2009
Adams,Ronald,16,RonaldAdamsNone1716950550.1009989,12,13,2007
Carter,Roberta,23,RobertaCarterNone1716950550.1011825,8,2,2000
Kowal,Keith,23,KeithKowalNone1716950550.1053865,10,28,2000
Smith,Christopher,16,ChristopherSmithNone1716950550.1055093,1,20,2008
Roberts,Donna,22,DonnaRobertsNone1716950550.1056633,5,10,2002
Freeman,Dianne,16,DianneFreemanNone1716950550.1060815,1,9,2008
Lamb,Mary,23,MaryLambNone1716950550.1065621,4,27,2001
Martin,Michael,22,MichaelMartinNone1716950550.1066906,7,22,2001
Miles,Jennifer,15,JenniferMilesNone1716950550.1300533,3,11,2009
Martinson,Penny,24,PennyMartinsonNone1716950550.1334677,4,15,2000
Krauss,Edward,21,EdwardKraussNone1716950550.1363392,9,27,2002
Cole,Bradley,20,BradleyColeNone1716950550.1365335,3,10,2004
Harpole,Dorthy,22,DorthyHarpoleNone1716950550.148633,10,6,2001
Day,Garland,20,GarlandDayNone1716950550.1493297,5,11,2004
Ziegler,Martha,19,MarthaZieglerNone1716950550.1502798,9,3,2004
Tomlinson,Richard,17,RichardTomlinsonNone1716950550.151141,12,21,2006
Waltz,Freda,22,FredaWaltzNone1716950550.1552172,1,3,2002
Laduke,Julia,19,JuliaLadukeNone1716950550.1638973,5,11,2005
Miller,June,17,JuneMillerNone1716950550.164153,2,13,2007
Youngdahl,Marilyn,17,MarilynYoungdahlNone1716950550.2025023,12,6,2006
Harris,Roseann,21,RoseannHarrisNone1716950550.2033,1,28,2003
Mcgraw,Elizabeth,14,ElizabethMcgrawNone1716950550.2044036,8,3,2009
Gorman,Katie,17,KatieGormanNone1716950550.2052352,7,2,2006
Lopez,Jack,18,JackLopezNone1716950550.2054439,12,4,2005
Cluff,Eric,20,EricCluffNone1716950550.2119818,4,20,2004
Days,Millard,23,MillardDaysNone1716950550.238812,4,15,2001
Finzel,Eugene,22,EugeneFinzelNone1716950550.2677355,7,17,2001
Porter,Rose,16,RosePorterNone1716950550.2681413,9,7,2007
Federico,Rene,23,ReneFedericoNone1716950550.272543,3,3,2001
Graf,Amber,18,AmberGrafNone1716950550.2746236,7,3,2005
Bailey,Todd,22,ToddBaileyNone1716950550.2748084,7,28,2001
Aggas,Gregory,18,GregoryAggasNone1716950550.3021412,8,26,2005
Trice,Tina,22,TinaTriceNone1716950550.3041356,3,29,2002
Helms,Mark,19,MarkHelmsNone1716950550.304982,4,12,2005
Noble,Judith,17,JudithNobleNone1716950550.3054593,1,19,2007
Robinson,Rikki,17,RikkiRobinsonNone1716950550.3068209,1,8,2007
Alexander,Mavis,19,MavisAlexanderNone1716950550.3075192,6,24,2004
Ward,Claude,22,ClaudeWardNone1716950550.3078377,12,14,2001
Seymour,Darryl,18,DarrylSeymourNone1716950550.308885,4,20,2006
Evans,Michael,20,MichaelEvansNone1716950550.3089902,3,9,2004
Wade,Rose,20,RoseWadeNone1716950550.3092372,9,4,2003
Foreman,Lizette,14,LizetteForemanNone1716950550.3112018,8,17,2009
Reese,Nathaniel,15,NathanielReeseNone1716950550.3117383,8,30,2008
Woods,Henry,20,HenryWoodsNone1716950550.3118856,8,19,2003
Ascolese,Steven,21,StevenAscoleseNone1716950550.3482935,11,20,2002
Hansen,Mary,20,MaryHansenNone1716950550.348489,10,30,2003
Carter,Fred,20,FredCarterNone1716950550.3486137,9,1,2003
Barry,Hulda,18,HuldaBarryNone1716950550.3499773,6,30,2005
Ungaro,Antonio,22,AntonioUngaroNone1716950550.3686917,2,17,2002
Johnson,Barbara,15,BarbaraJohnsonNone1716950550.3688352,5,21,2009
Brown,Deborah,15,DeborahBrownNone1716950550.3689728,3,13,2009
Habbyshaw,Genaro,19,GenaroHabbyshawNone1716950550.4310844,12,31,2004
Reed,Kendall,16,KendallReedNone1716950550.4316897,5,19,2008
Soto,Lois,20,LoisSotoNone1716950550.431982,12,3,2003
Culbert,Dale,15,DaleCulbertNone1716950550.4408605,3,15,2009
Nail,James,22,JamesNailNone1716950550.444897,10,14,2001
Peterson,Louise,21,LouisePetersonNone1716950550.4451392,1,9,2003
Chisholm,Bobbie,23,BobbieChisholmNone1716950550.4472866,9,2,2000
Caldera,Louisa,23,LouisaCalderaNone1716950550.4510732,4,1,2001
Delaney,Charles,16,CharlesDelaneyNone1716950550.4516401,12,2,2007
Strickland,Clyde,18,ClydeStricklandNone1716950550.4521127,4,30,2006
Otto,Alexander,21,AlexanderOttoNone1716950550.453472,5,15,2003
Molitor,Norma,23,NormaMolitorNone1716950550.466197,3,7,2001
Tatum,Carleen,21,CarleenTatumNone1716950550.4678545,12,5,2002
Zuluaga,Jo,15,JoZuluagaNone1716950550.493237,2,7,2009
Beaulieu,Jolene,18,JoleneBeaulieuNone1716950550.495308,9,9,2005
Adams,Jerome,16,JeromeAdamsNone1716950550.495568,12,15,2007
Chatterton,Theresa,23,TheresaChattertonNone1716950550.5059662,11,14,2000
Lejeune,David,16,DavidLejeuneNone1716950550.5101993,3,2,2008
Parham,Timmy,22,TimmyParhamNone1716950550.5118904,10,15,2001
Williams,Anna,19,AnnaWilliamsNone1716950550.5120454,9,26,2004
Nakata,Tracy,20,TracyNakataNone1716950550.5375457,1,8,2004
Haynes,Jayson,21,JaysonHaynesNone1716950550.5383058,1,24,2003
Ryan,Larry,20,LarryRyanNone1716950550.5387156,3,9,2004
Carrier,David,19,DavidCarrierNone1716950550.5404315,9,19,2004
Cantu,Billy,23,BillyCantuNone1716950550.541118,11,3,2000
Martin,Mary,18,MaryMartinNone1716950550.5412173,3,2,2006
Sweene,Alice,20,AliceSweeneNone1716950550.567382,9,19,2003
Baza,Nora,23,NoraBazaNone1716950550.6179922,3,6,2001
Carrier,Agnes,16,AgnesCarrierNone1716950550.6309383,10,4,2007
Landa,Suzanne,15,SuzanneLandaNone1716950550.6375122,7,3,2008
Fuller,Benjamin,24,BenjaminFullerNone1716950550.637929,1,8,2000
Throckmorton,Marina,15,MarinaThrockmortonNone1716950550.6469705,10,27,2008
Dolan,Claudia,22,ClaudiaDolanNone1716950550.6484864,7,8,2001
Walls,Tandra,22,TandraWallsNone1716950550.6511323,11,21,2001
Blackburn,Florence,17,FlorenceBlackburnNone1716950550.6516883,8,20,2006
Rivera,Gail,14,GailRiveraNone1716950550.6519353,12,13,2009
Kawai,Marcus,24,MarcusKawaiNone1716950550.6874084,1,30,2000
Vreeland,Phyliss,23,PhylissVreelandNone1716950550.6958108,6,22,2000
Atkins,Lucia,18,LuciaAtkinsNone1716950550.6968076,4,16,2006
Purinton,Daniel,18,DanielPurintonNone1716950550.7125702,9,9,2005
Derosier,Robert,19,RobertDerosierNone1716950550.717606,6,4,2004
Heming,Edward,23,EdwardHemingNone1716950550.750556,2,15,2001
Lopez,Mark,22,MarkLopezNone1716950550.750689,6,17,2001
Fernandez,Regena,23,RegenaFernandezNone1716950550.7520728,10,1,2000
Bligen,Chris,15,ChrisBligenNone1716950550.7707396,11,2,2008
Tappen,William,15,WilliamTappenNone1716950550.801001,9,29,2008
Carroll,Johnnie,17,JohnnieCarrollNone1716950550.8013217,8,28,2006
Swain,Kristen,24,KristenSwainNone1716950550.8020308,2,2,2000
Oliver,Steven,20,StevenOliverNone1716950550.8022232,11,11,2003
Loughry,Anita,22,AnitaLoughryNone1716950550.8482864,5,13,2002
Williams,Jeffrey,15,JeffreyWilliamsNone1716950550.8484907,10,20,2008
Gammon,Timothy,14,TimothyGammonNone1716950550.8513014,10,2,2009
Houk,Rudolph,14,RudolphHoukNone1716950550.854862,12,28,2009
Cash,Megan,19,MeganCashNone1716950550.8561943,8,4,2004
Schroepfer,Sarah,15,SarahSchroepferNone1716950550.8801486,12,15,2008
Kazin,Ronald,17,RonaldKazinNone1716950550.9458084,11,6,2006
Cuevas,Alfonso,21,AlfonsoCuevasNone1716950550.946812,4,1,2003
Perry,Anna,14,AnnaPerryNone1716950550.946951,10,4,2009
Falck,Gloria,23,GloriaFalckNone1716950550.9691162,11,11,2000
Vankeuren,China,18,ChinaVankeurenNone1716950550.984715,10,28,2005
Paine,Salvatore,24,SalvatorePaineNone1716950550.9864872,3,27,2000
Campos,Carlos,15,CarlosCamposNone1716950550.9869354,5,12,2009
Miner,Dorothy,16,DorothyMinerNone1716950550.987749,9,8,2007
Chatman,Fred,23,FredChatmanNone1716950550.9889424,2,23,2001
Segarra,Sara,18,SaraSegarraNone1716950551.0307686,10,11,2005
Letchworth,Micheal,20,MichealLetchworthNone1716950551.0413327,4,28,2004
Sanchez,Seth,21,SethSanchezNone1716950551.0417366,5,21,2003
Brown,John,21,JohnBrownNone1716950551.0418594,3,22,2003
Hill,Natalie,22,NatalieHillNone1716950551.0421493,10,27,2001
Hughes,Michael,22,MichaelHughesNone1716950551.042337,1,15,2002
Brown,Mindi,22,MindiBrownNone1716950551.0437348,10,15,2001
Mckenzie,Nancy,21,NancyMckenzieNone1716950551.0442488,1,28,2003
Richmond,Stephanie,15,StephanieRichmondNone1716950551.0449886,6,23,2008
Wright,Robert,22,RobertWrightNone1716950551.0451288,3,13,2002
Fortner,Raymond,19,RaymondFortnerNone1716950551.0472379,4,21,2005
Chisolm,Jim,15,JimChisolmNone1716950551.050122,6,7,2008
Hanes,Galen,20,GalenHanesNone1716950551.0530267,8,7,2003
Jenkins,Kathleen,18,KathleenJenkinsNone1716950551.0531943,4,2,2006
Giordano,Rebecca,19,RebeccaGiordanoNone1716950551.0549445,4,11,2005
Coletti,Barbara,16,BarbaraColettiNone1716950551.0669975,1,24,2008
Olivera,James,15,JamesOliveraNone1716950551.0708778,7,7,2008
Mackenzie,Minnie,22,MinnieMackenzieNone1716950551.0727646,12,13,2001
Diggins,Joel,19,JoelDigginsNone1716950551.0797174,8,21,2004
Guerrette,Edwin,15,EdwinGuerretteNone1716950551.090241,3,17,2009
Martin,Joseph,19,JosephMartinNone1716950551.0903952,3,17,2005
Hanselman,Kerry,22,KerryHanselmanNone1716950551.1011097,2,22,2002
Barnes,Bonnie,19,BonnieBarnesNone1716950551.101277,3,9,2005
Kim,Susan,21,SusanKimNone1716950551.1015346,3,2,2003
Butterfield,Timothy,19,TimothyButterfieldNone1716950551.103126,6,11,2004
Loper,Emily,20,EmilyLoperNone1716950551.105776,11,5,2003
Fielder,Guadalupe,18,GuadalupeFielderNone1716950551.1095986,12,18,2005
Suhr,Estela,20,EstelaSuhrNone1716950551.1393914,2,12,2004
White,Zoraida,20,ZoraidaWhiteNone1716950551.1406996,3,4,2004
Jones,Robin,24,RobinJonesNone1716950551.1409178,5,3,2000
Mccay,Edwin,20,EdwinMccayNone1716950551.148643,5,31,2003
Elkins,Herb,23,HerbElkinsNone1716950551.150539,11,5,2000
Hawkins,Michael,15,MichaelHawkinsNone1716950551.150787,10,27,2008
Meeker,Melissa,19,MelissaMeekerNone1716950551.1533802,12,19,2004
Johnson,Kelly,16,KellyJohnsonNone1716950551.1534855,7,6,2007
Green,Susan,21,SusanGreenNone1716950551.1535783,5,11,2003
Abrams,Teresa,22,TeresaAbramsNone1716950551.1544688,10,5,2001
Secrist,Lillian,18,LillianSecristNone1716950551.1676016,7,27,2005
Furman,Patricia,22,PatriciaFurmanNone1716950551.1699681,1,9,2002
Moser,Ella,21,EllaMoserNone1716950551.170917,7,9,2002
Lombard,Nathan,21,NathanLombardNone1716950551.1741505,8,1,2002
Tran,Steve,24,SteveTranNone1716950551.1746159,2,6,2000
Stenn,Joan,18,JoanStennNone1716950551.2430818,7,27,2005
Evers,Benjamin,20,BenjaminEversNone1716950551.2462087,9,5,2003
Turner,John,23,JohnTurnerNone1716950551.2463353,7,24,2000
Bednarczyk,Florence,23,FlorenceBednarczykNone1716950551.2605343,9,8,2000
Latimore,Sara,17,SaraLatimoreNone1716950551.267441,10,2,2006
Demirchyan,Alma,21,AlmaDemirchyanNone1716950551.2937877,6,9,2002
Bailey,Frances,18,FrancesBaileyNone1716950551.294004,1,8,2006
Hayes,Mitsuko,14,MitsukoHayesNone1716950551.296497,8,27,2009
Mcsweeney,John,24,JohnMcsweeneyNone1716950551.301806,4,14,2000
Sullivan,Pauline,24,PaulineSullivanNone1716950551.3020482,4,29,2000
Bailey,Richard,15,RichardBaileyNone1716950551.3021595,10,3,2008
Fortner,John,15,JohnFortnerNone1716950551.303758,7,20,2008
Davis,Ramon,20,RamonDavisNone1716950551.3039217,8,19,2003
Willis,Rosemary,23,RosemaryWillisNone1716950551.304154,11,3,2000
Vitale,Galen,22,GalenVitaleNone1716950551.3072546,1,14,2002
Sykes,Melissa,21,MelissaSykesNone1716950551.307973,11,19,2002
Teague,Daina,21,DainaTeagueNone1716950551.3109558,10,25,2002
Simson,John,22,JohnSimsonNone1716950551.3390877,4,20,2002
Sierra,Tanisha,20,TanishaSierraNone1716950551.3411813,5,7,2004
Dunn,Wilfred,16,WilfredDunnNone1716950551.341682,4,28,2008
Saunders,Grace,20,GraceSaundersNone1716950551.3420866,12,21,2003
Mccarthy,Susan,20,SusanMccarthyNone1716950551.3423553,11,20,2003
Barron,Lucy,21,LucyBarronNone1716950551.343213,9,21,2002
Cavazos,James,24,JamesCavazosNone1716950551.3449314,5,10,2000
Richey,Carrie,17,CarrieRicheyNone1716950551.346047,5,10,2007
Hoffmann,Craig,20,CraigHoffmannNone1716950551.3481007,11,15,2003
Telford,Pauline,20,PaulineTelfordNone1716950551.353208,8,28,2003
Molleur,Kevin,19,KevinMolleurNone1716950551.3974357,8,11,2004
Fisher,Oma,23,OmaFisherNone1716950551.3986235,9,18,2000
Slate,William,21,WilliamSlateNone1716950551.402511,5,7,2003
Kho,Salley,16,SalleyKhoNone1716950551.4440823,4,13,2008
Fields,David,15,DavidFieldsNone1716950551.444431,7,21,2008
Norman,Steven,18,StevenNormanNone1716950551.444924,8,13,2005
Pietrowski,Charles,17,CharlesPietrowskiNone1716950551.4601974,1,22,2007
Garfinkle,Robert,18,RobertGarfinkleNone1716950551.4866939,2,11,2006
Pickett,Lessie,21,LessiePickettNone1716950551.4879937,1,13,2003
Priesmeyer,Robert,17,RobertPriesmeyerNone1716950551.5146663,9,4,2006
Munoz,Christopher,21,ChristopherMunozNone1716950551.515068,5,12,2003
Jernigan,Jeremy,19,JeremyJerniganNone1716950551.516394,3,30,2005
Clements,Eloisa,24,EloisaClementsNone1716950551.5176945,1,31,2000
Clark,Calvin,19,CalvinClarkNone1716950551.51793,3,19,2005
Ross,Daniel,18,DanielRossNone1716950551.5180798,3,19,2006
Stevens,Colleen,22,ColleenStevensNone1716950551.5184088,2,23,2002
Rivas,Margaret,20,MargaretRivasNone1716950551.5190978,5,27,2004
Goodin,Mary,21,MaryGoodinNone1716950551.522159,4,13,2003
Johnson,Deborah,15,DeborahJohnsonNone1716950551.5223007,4,15,2009
Ferguson,Rosalie,22,RosalieFergusonNone1716950551.5228188,1,9,2002
Baldwin,Michelle,14,MichelleBaldwinNone1716950551.5232313,6,4,2009
Robinson,Natalia,16,NataliaRobinsonNone1716950551.5239463,11,19,2007
Schaufelberge,Dana,17,DanaSchaufelbergeNone1716950551.5516682,8,24,2006
Suchan,Dorothy,14,DorothySuchanNone1716950551.5680785,9,4,2009
Ziegler,Ralph,15,RalphZieglerNone1716950551.5694432,2,14,2009
Vigil,Bonnie,18,BonnieVigilNone1716950551.570489,7,18,2005
Whaley,Misty,24,MistyWhaleyNone1716950551.5716858,3,28,2000
Parker,Paul,18,PaulParkerNone1716950551.5718513,3,21,2006
Bugarin,Natalie,23,NatalieBugarinNone1716950551.5823436,2,25,2001
Ellis,Denise,24,DeniseEllisNone1716950551.582637,4,17,2000
Price,Harry,16,HarryPriceNone1716950551.5828588,6,6,2007
Mulroy,Merle,19,MerleMulroyNone1716950551.6004667,3,5,2005
Greenspan,Courtney,15,CourtneyGreenspanNone1716950551.6069672,11,13,2008
Harris,Gerry,22,GerryHarrisNone1716950551.6077082,1,23,2002
Tawwater,Margaret,19,MargaretTawwaterNone1716950551.6513643,8,2,2004
Mclaurin,Jonathon,17,JonathonMclaurinNone1716950551.653397,4,22,2007
Thompson,Phyllis,15,PhyllisThompsonNone1716950551.6535375,1,20,2009
Mcadams,Marilyn,17,MarilynMcadamsNone1716950551.655648,10,4,2006
Hayes,Tarra,23,TarraHayesNone1716950551.6582503,9,19,2000
Schaefer,Denise,22,DeniseSchaeferNone1716950551.658901,9,8,2001
Thompson,Thelma,16,ThelmaThompsonNone1716950551.6591609,10,21,2007
Komorowski,Patrick,20,PatrickKomorowskiNone1716950551.6826587,7,3,2003
Dowling,Robert,19,RobertDowlingNone1716950551.684037,4,27,2005
Bonds,Amy,21,AmyBondsNone1716950551.6852224,5,7,2003
Schlindwein,Matthew,19,MatthewSchlindweinNone1716950551.7355106,11,17,2004
Ayers,Carole,16,CaroleAyersNone1716950551.7363617,10,11,2007
Cooper,Letitia,24,LetitiaCooperNone1716950551.7372296,1,17,2000
Biller,Gwen,19,GwenBillerNone1716950551.7432764,7,27,2004
Warren,Mattie,15,MattieWarrenNone1716950551.7435994,6,7,2008
Brown,Diane,16,DianeBrownNone1716950551.7436972,4,22,2008
Nusbaum,Carolyn,20,CarolynNusbaumNone1716950551.7512374,10,9,2003
Cavallo,Nada,19,NadaCavalloNone1716950551.7599573,9,12,2004
Denyes,Edward,17,EdwardDenyesNone1716950551.7861931,1,9,2007
Fernandez,Bradley,17,BradleyFernandezNone1716950551.7864947,6,11,2006
Booher,Kathleen,23,KathleenBooherNone1716950551.7900841,3,18,2001
Dawson,Kathy,18,KathyDawsonNone1716950551.790501,11,15,2005
Johnson,Melissa,16,MelissaJohnsonNone1716950551.7906642,7,25,2007
Pritchard,Jeffrey,20,JeffreyPritchardNone1716950551.7920356,7,23,2003
Bravo,Brad,21,BradBravoNone1716950551.7936387,12,5,2002
Felver,Shane,16,ShaneFelverNone1716950551.8414373,6,2,2007
Ray,Keith,15,KeithRayNone1716950551.8417182,7,2,2008
White,Inez,16,InezWhiteNone1716950551.842068,10,7,2007
Goldberg,Kelly,14,KellyGoldbergNone1716950551.842945,10,15,2009
Bridges,Salvador,21,SalvadorBridgesNone1716950551.8436258,3,3,2003
Guzman,George,22,GeorgeGuzmanNone1716950551.8441558,11,15,2001
Harrigan,Susan,20,SusanHarriganNone1716950551.8482149,5,8,2004
Vernon,Jennifer,16,JenniferVernonNone1716950551.8496199,3,27,2008
Royals,Betty,15,BettyRoyalsNone1716950551.85708,6,29,2008
Grupe,Darrell,22,DarrellGrupeNone1716950551.8809896,6,7,2001
Privitera,Nancy,18,NancyPriviteraNone1716950551.8983386,9,20,2005
Galbraith,Derek,15,DerekGalbraithNone1716950551.9014978,6,19,2008
Malone,Sherri,14,SherriMaloneNone1716950551.9019578,6,7,2009
Mccarthy,Tyrone,17,TyroneMccarthyNone1716950551.9023678,11,7,2006
Hardy,Dwight,21,DwightHardyNone1716950551.9028883,5,16,2003
Joiner,Edmond,16,EdmondJoinerNone1716950551.9043677,6,13,2007
Bagley,Mary,20,MaryBagleyNone1716950551.9060063,3,29,2004
Payne,Kimi,16,KimiPayneNone1716950551.9084811,10,2,2007
Salinas,Robert,23,RobertSalinasNone1716950551.909011,12,10,2000
Smith,Christopher,14,ChristopherSmithNone1716950551.9091294,6,10,2009
Jenkins,Janet,14,JanetJenkinsNone1716950551.9093754,9,22,2009
Sherrod,Clifford,15,CliffordSherrodNone1716950551.9114034,9,19,2008
Foster,David,17,DavidFosterNone1716950551.9115272,11,6,2006
Gonzalez,Crystal,15,CrystalGonzalezNone1716950551.9117012,5,7,2009
Nunez,Anthony,20,AnthonyNunezNone1716950551.9121368,7,13,2003
Compton,Alta,18,AltaComptonNone1716950551.9130857,9,8,2005
Lee,Sheri,16,SheriLeeNone1716950551.9134035,7,20,2007
Castaneda,Jose,14,JoseCastanedaNone1716950551.913982,10,11,2009
Collins,Brenda,15,BrendaCollinsNone1716950551.9140868,11,10,2008
Broome,Oscar,17,OscarBroomeNone1716950551.916118,6,30,2006
Torres,Roger,18,RogerTorresNone1716950551.9162526,4,29,2006
Norden,Stephen,23,StephenNordenNone1716950551.9259834,2,10,2001
Maier,Margaret,18,MargaretMaierNone1716950551.9284818,5,27,2006
Dillingham,Deidre,23,DeidreDillinghamNone1716950551.9320953,6,7,2000
Rodregez,Ronald,19,RonaldRodregezNone1716950551.954958,10,1,2004
Svobodny,Alice,17,AliceSvobodnyNone1716950552.0016243,11,2,2006
Hodges,Leroy,16,LeroyHodgesNone1716950552.0020328,6,23,2007
Michels,Lorena,18,LorenaMichelsNone1716950552.0052726,4,22,2006
Ameduri,Julian,19,JulianAmeduriNone1716950552.0466256,5,10,2005
Maciel,Angela,20,AngelaMacielNone1716950552.0501823,5,12,2004
Mcfee,George,23,GeorgeMcfeeNone1716950552.059346,1,27,2001
Phillips,Aaron,21,AaronPhillipsNone1716950552.05955,6,19,2002
Hash,Barbara,14,BarbaraHashNone1716950552.0635726,7,20,2009
Starrett,Karlene,21,KarleneStarrettNone1716950552.0715911,10,26,2002
Allendorf,Belinda,19,BelindaAllendorfNone1716950552.092361,3,3,2005
Madrid,Patricia,18,PatriciaMadridNone1716950552.093603,1,31,2006
Berry,Matthew,16,MatthewBerryNone1716950552.093802,3,13,2008
Hunt,George,17,GeorgeHuntNone1716950552.094023,6,22,2006
Hazelton,Jaime,15,JaimeHazeltonNone1716950552.097654,4,15,2009
Wright,Adam,15,AdamWrightNone1716950552.097806,8,26,2008
Myers,Brandon,24,BrandonMyersNone1716950552.0980394,2,8,2000
Sundermeyer,Ruth,22,RuthSundermeyerNone1716950552.1219144,4,21,2002
Lanigan,Valerie,15,ValerieLaniganNone1716950552.1310077,10,22,2008
Anderson,Judy,18,JudyAndersonNone1716950552.1311984,11,8,2005
Sarni,Penelope,18,PenelopeSarniNone1716950552.1766934,5,4,2006
Stafford,Darlene,23,DarleneStaffordNone1716950552.177395,2,22,2001
Zeigler,Maureen,22,MaureenZeiglerNone1716950552.179315,8,9,2001
Laschinger,Gertrude,16,GertrudeLaschingerNone1716950552.2273805,8,13,2007
Berkey,Geoffrey,19,GeoffreyBerkeyNone1716950552.2333205,6,18,2004
Knowles,Kimberly,20,KimberlyKnowlesNone1716950552.234152,4,12,2004
Hance,Jane,20,JaneHanceNone1716950552.2377381,1,6,2004
Scott,William,23,WilliamScottNone1716950552.2378428,9,3,2000
Mcallister,Alberta,23,AlbertaMcallisterNone1716950552.2387996,5,14,2001
Tarone,Leslie,16,LeslieTaroneNone1716950552.2719464,11,24,2007
Ramirez,Wanda,15,WandaRamirezNone1716950552.2721777,1,28,2009
Doughty,Christian,21,ChristianDoughtyNone1716950552.2747753,8,4,2002
Bedard,Matthew,17,MatthewBedardNone1716950552.2771525,10,20,2006
Turner,Victoria,21,VictoriaTurnerNone1716950552.2772958,1,9,2003
Jessie,Christopher,14,ChristopherJessieNone1716950552.2808256,11,26,2009
Niemeyer,Stacey,22,StaceyNiemeyerNone1716950552.2872775,11,7,2001
Tolentino,Doris,15,DorisTolentinoNone1716950552.291959,4,22,2009
Hale,Kathrine,22,KathrineHaleNone1716950552.2927752,5,25,2002
Clay,Randall,16,RandallClayNone1716950552.2933865,1,8,2008
Boyle,Jeremy,22,JeremyBoyleNone1716950552.2942216,2,19,2002
Leclair,Everett,17,EverettLeclairNone1716950552.2963989,2,18,2007
Finn,Cristin,22,CristinFinnNone1716950552.2984402,1,27,2002
Sowers,Courtney,19,CourtneySowersNone1716950552.3003435,3,9,2005
Clark,Lawrence,15,LawrenceClarkNone1716950552.3004832,1,29,2009
Brazil,Norman,17,NormanBrazilNone1716950552.3028927,8,27,2006
Mitchell,Jackie,20,JackieMitchellNone1716950552.3032079,8,19,2003
Smith,George,19,GeorgeSmithNone1716950552.3032932,3,5,2005
Blankenship,Karen,21,KarenBlankenshipNone1716950552.3036513,10,7,2002
Ornelas,Scott,19,ScottOrnelasNone1716950552.3049824,4,10,2005
Casanova,Alison,19,AlisonCasanovaNone1716950552.3083115,12,24,2004
Anderson,Ruth,15,RuthAndersonNone1716950552.3084223,12,22,2008
Gutierrez,Don,22,DonGutierrezNone1716950552.308644,5,30,2001
Miranda,Donna,21,DonnaMirandaNone1716950552.3091252,7,5,2002
Sanders,Raymond,23,RaymondSandersNone1716950552.3093007,5,24,2001
Householder,David,15,DavidHouseholderNone1716950552.3147988,5,20,2009
Mcclimon,Dalton,22,DaltonMcclimonNone1716950552.338345,11,14,2001
Cline,Deane,18,DeaneClineNone1716950552.3408954,1,20,2006
Cantu,Charles,16,CharlesCantuNone1716950552.3414583,10,19,2007
Brook,Joanne,15,JoanneBrookNone1716950552.3443792,7,27,2008
Hopkins,Sue,19,SueHopkinsNone1716950552.3446796,4,14,2005
Dilly,Laura,17,LauraDillyNone1716950552.3642335,2,19,2007
Griffith,Carmen,22,CarmenGriffithNone1716950552.364648,12,12,2001
Polson,Carlos,19,CarlosPolsonNone1716950552.36826,8,3,2004
Tade,Kathleen,19,KathleenTadeNone1716950552.392816,1,3,2005
Felter,Richard,14,RichardFelterNone1716950552.4091444,6,3,2009
Ozuna,Christian,22,ChristianOzunaNone1716950552.4215126,5,8,2002
Kirk,Rufus,16,RufusKirkNone1716950552.4221318,3,27,2008
Harbach,Jane,18,JaneHarbachNone1716950552.4432192,1,11,2006
Rudd,Dwayne,23,DwayneRuddNone1716950552.4450276,2,15,2001
Rooney,Aimee,17,AimeeRooneyNone1716950552.4471412,9,19,2006
Krause,Arden,18,ArdenKrauseNone1716950552.4488301,1,14,2006
Gallman,Sue,24,SueGallmanNone1716950552.4537716,4,17,2000
Vanpelt,Dennis,23,DennisVanpeltNone1716950552.4573245,3,14,2001
Payne,Karl,20,KarlPayneNone1716950552.45775,4,12,2004
Everett,Kenneth,18,KennethEverettNone1716950552.4584098,7,8,2005
Johnson,Walter,16,WalterJohnsonNone1716950552.4585745,1,30,2008
Gunther,Micheal,19,MichealGuntherNone1716950552.4616928,1,8,2005
Stokes,Lucille,14,LucilleStokesNone1716950552.462229,11,15,2009
Metz,Alma,20,AlmaMetzNone1716950552.4637418,10,9,2003
Holloway,Frederick,18,FrederickHollowayNone1716950552.4643006,10,8,2005
Ramirez,Henry,16,HenryRamirezNone1716950552.4644947,10,20,2007
Giddens,Elsie,19,ElsieGiddensNone1716950552.468679,10,31,2004
Keener,Cheyenne,24,CheyenneKeenerNone1716950552.4723418,5,9,2000
Perez,Adria,21,AdriaPerezNone1716950552.473824,1,10,2003
Leymeister,Patricia,14,PatriciaLeymeisterNone1716950552.5111165,7,22,2009
Nickles,Margaret,17,MargaretNicklesNone1716950552.5165968,4,15,2007
Cooper,Rose,24,RoseCooperNone1716950552.5167747,2,19,2000
Adams,Ann,21,AnnAdamsNone1716950552.51692,11,30,2002
Marien,Everett,19,EverettMarienNone1716950552.559809,3,1,2005
Bubrig,Kenneth,22,KennethBubrigNone1716950552.5833817,6,28,2001
Gasca,James,23,JamesGascaNone1716950552.597581,6,15,2000
Newton,James,18,JamesNewtonNone1716950552.5979724,3,11,2006
Olivarria,Dorthy,23,DorthyOlivarriaNone1716950552.6054318,1,24,2001
Alvarado,Gregory,23,GregoryAlvaradoNone1716950552.6057606,1,20,2001
Tango,David,22,DavidTangoNone1716950552.6478486,9,17,2001
Guerra,Brian,23,BrianGuerraNone1716950552.6483197,4,26,2001
Preuss,Michael,16,MichaelPreussNone1716950552.6565201,10,28,2007
Trew,Anthony,16,AnthonyTrewNone1716950552.6655545,8,28,2007
Polk,Lillian,21,LillianPolkNone1716950552.666565,10,12,2002
Stewart,Ada,24,AdaStewartNone1716950552.6669576,1,7,2000
Hillman,Clarence,22,ClarenceHillmanNone1716950552.6687171,4,21,2002
Mitchell,Brandon,23,BrandonMitchellNone1716950552.6688895,5,19,2001
King,James,17,JamesKingNone1716950552.6690216,11,24,2006
Keyes,Kathleen,20,KathleenKeyesNone1716950552.670273,10,25,2003
Hollie,Eddie,18,EddieHollieNone1716950552.6784756,10,25,2005
Costello,Shelby,18,ShelbyCostelloNone1716950552.6799903,7,18,2005
Baird,Larry,17,LarryBairdNone1716950552.6808267,3,20,2007
Clukey,Lynn,22,LynnClukeyNone1716950552.6885583,10,17,2001
Puckett,Gary,23,GaryPuckettNone1716950552.689398,2,3,2001
Richie,Dawn,16,DawnRichieNone1716950552.6917448,6,18,2007
Holcombe,Cindy,22,CindyHolcombeNone1716950552.694119,5,25,2002
Darnell,Elizabeth,18,ElizabethDarnellNone1716950552.6951563,12,16,2005
Drewniak,Randy,22,RandyDrewniakNone1716950552.7168767,8,31,2001
Millhouse,Matthew,23,MatthewMillhouseNone1716950552.7254918,11,6,2000
Payne,Robert,16,RobertPayneNone1716950552.7257328,12,26,2007
Brenneman,Michelle,21,MichelleBrennemanNone1716950552.7310517,3,29,2003
Larson,Heidi,16,HeidiLarsonNone1716950552.7315116,7,19,2007
Tinsley,Kevin,19,KevinTinsleyNone1716950552.7327106,3,10,2005
Cade,Carlos,20,CarlosCadeNone1716950552.7346032,1,4,2004
Beaudoin,Alfred,23,AlfredBeaudoinNone1716950552.7367697,10,23,2000
Newton,Sam,20,SamNewtonNone1716950552.7370932,11,26,2003
Fitz,Frances,17,FrancesFitzNone1716950552.7418613,12,15,2006
Barnes,Mary,16,MaryBarnesNone1716950552.7419782,6,26,2007
Cleavenger,Laura,23,LauraCleavengerNone1716950552.7572765,7,22,2000
Gagnon,Monte,24,MonteGagnonNone1716950552.7586663,2,5,2000
Lujan,Glenda,19,GlendaLujanNone1716950552.7603755,5,5,2005
Jencks,Diane,21,DianeJencksNone1716950552.7806692,8,30,2002
King,Arnold,23,ArnoldKingNone1716950552.7809637,6,10,2000
Underwood,Shannon,19,ShannonUnderwoodNone1716950552.781509,8,25,2004
Quezada,Ernest,21,ErnestQuezadaNone1716950552.783447,3,29,2003
Ferdig,Gerry,23,GerryFerdigNone1716950552.813631,1,17,2001
Atkinson,Joseph,21,JosephAtkinsonNone1716950552.814203,8,21,2002
Vanluven,Tricia,24,TriciaVanluvenNone1716950552.8393402,3,4,2000
Elliott,Wendy,19,WendyElliottNone1716950552.8396947,7,20,2004
Smith,Tanya,16,TanyaSmithNone1716950552.8399875,8,6,2007
Force,George,19,GeorgeForceNone1716950552.845338,5,25,2005
Kamnik,Raymond,23,RaymondKamnikNone1716950552.8886793,3,14,2001
Goodman,Floyd,21,FloydGoodmanNone1716950552.8892303,5,4,2003
White,Jonathan,22,JonathanWhiteNone1716950552.8893995,1,15,2002
Lapalme,Zachary,15,ZacharyLapalmeNone1716950552.94432,9,10,2008
Silva,Neal,15,NealSilvaNone1716950552.94478,10,24,2008
Mcgee,Gerald,23,GeraldMcgeeNone1716950552.945142,9,22,2000
Furey,Timothy,23,TimothyFureyNone1716950552.9518642,3,11,2001
Sprow,Stephen,22,StephenSprowNone1716950552.9636724,4,27,2002
Quinto,Jane,19,JaneQuintoNone1716950552.9743176,12,23,2004
Wendler,Ann,20,AnnWendlerNone1716950552.9849746,9,3,2003
Paul,Jon,18,JonPaulNone1716950552.985455,2,26,2006
Alcazar,Shantel,20,ShantelAlcazarNone1716950552.9961324,12,6,2003
Bond,Yolanda,19,YolandaBondNone1716950552.9966254,6,27,2004
Little,Jeffrey,18,JeffreyLittleNone1716950552.9968727,1,29,2006
Johns,Rachel,19,RachelJohnsNone1716950552.99726,6,6,2004
Seals,Kenneth,23,KennethSealsNone1716950552.9981208,1,17,2001
Small,Penny,15,PennySmallNone1716950552.9986038,11,21,2008
Pope,Margret,17,MargretPopeNone1716950552.9993849,12,4,2006
Obrien,Cindy,19,CindyObrienNone1716950552.9997463,4,1,2005
Gaston,Jim,21,JimGastonNone1716950553.0006802,5,29,2003
Poe,Keith,24,KeithPoeNone1716950553.0017092,5,20,2000
Butler,Jacqueline,16,JacquelineButlerNone1716950553.001861,9,8,2007
Lowe,Jasmine,15,JasmineLoweNone1716950553.0023074,4,19,2009
Love,Linda,19,LindaLoveNone1716950553.0025887,7,4,2004
Day,Leroy,17,LeroyDayNone1716950553.0028956,11,12,2006
Beausoleil,Henry,18,HenryBeausoleilNone1716950553.0200677,4,28,2006
Maxwell,Heather,22,HeatherMaxwellNone1716950553.0204773,1,30,2002
Burns,Laura,21,LauraBurnsNone1716950553.0206637,3,13,2003
Gold,Shirley,17,ShirleyGoldNone1716950553.0217621,6,7,2006
Diaz,Helen,22,HelenDiazNone1716950553.0220194,4,5,2002
Fillingham,Joshua,15,JoshuaFillinghamNone1716950553.0549288,12,20,2008
Winters,Marguerite,15,MargueriteWintersNone1716950553.0556707,9,29,2008
Godwin,Lance,19,LanceGodwinNone1716950553.057007,1,25,2005
Fischer,Daniel,14,DanielFischerNone1716950553.0575595,11,16,2009
Owens,Susana,16,SusanaOwensNone1716950553.058054,12,13,2007
Porter,Annie,14,AnniePorterNone1716950553.0582523,11,16,2009
Dabbs,William,19,WilliamDabbsNone1716950553.0611312,3,4,2005
Merino,Derrick,14,DerrickMerinoNone1716950553.0645823,10,2,2009
Wickus,Martha,21,MarthaWickusNone1716950553.1132894,11,20,2002
Pundt,William,14,WilliamPundtNone1716950553.1300182,8,7,2009
Raby,Doris,22,DorisRabyNone1716950553.1335676,2,13,2002
Cross,Amelia,20,AmeliaCrossNone1716950553.1342227,4,15,2004
Burns,David,15,DavidBurnsNone1716950553.134457,2,3,2009
Mccullough,Edna,21,EdnaMcculloughNone1716950553.135197,5,7,2003
Phipps,Antone,18,AntonePhippsNone1716950553.1368542,9,21,2005
Taylor,Todd,15,ToddTaylorNone1716950553.1370337,12,30,2008
Welsh,Elizabeth,20,ElizabethWelshNone1716950553.1378846,4,28,2004
Horton,Elmer,16,ElmerHortonNone1716950553.138274,10,18,2007
Winkel,Stephan,23,StephanWinkelNone1716950553.1478198,2,23,2001
Stokes,Rebecca,22,RebeccaStokesNone1716950553.148247,5,10,2002
Phillips,Barbara,16,BarbaraPhillipsNone1716950553.1484013,12,6,2007
Kelley,Nancy,22,NancyKelleyNone1716950553.1486561,5,23,2002
Miller,Traci,23,TraciMillerNone1716950553.1490288,3,2,2001
Dominion,Deborah,21,DeborahDominionNone1716950553.169355,2,24,2003
Larowe,Vicki,17,VickiLaroweNone1716950553.2234263,8,20,2006
Graham,Amelia,17,AmeliaGrahamNone1716950553.2239063,11,2,2006
Rochester,Cynthia,22,CynthiaRochesterNone1716950553.2284613,4,26,2002
Scott,Hannah,17,HannahScottNone1716950553.2288866,9,13,2006
Henline,Edward,15,EdwardHenlineNone1716950553.2371197,8,20,2008
Wilson,Donna,20,DonnaWilsonNone1716950553.2372673,3,5,2004
Devenport,Hope,24,HopeDevenportNone1716950553.2509975,1,23,2000
Weiss,Donna,24,DonnaWeissNone1716950553.2515106,2,2,2000
Denney,Dennis,18,DennisDenneyNone1716950553.2530973,4,9,2006
Pierre,Brian,16,BrianPierreNone1716950553.2542057,6,15,2007
Wood,Steven,21,StevenWoodNone1716950553.2543907,3,13,2003
Smith,Earline,15,EarlineSmithNone1716950553.2550604,7,30,2008
Haynes,Elizabeth,21,ElizabethHaynesNone1716950553.2554286,4,2,2003
Walker,Juanita,17,JuanitaWalkerNone1716950553.2556534,11,10,2006
Frick,Vickie,23,VickieFrickNone1716950553.2583685,2,2,2001
Augustin,Donna,15,DonnaAugustinNone1716950553.2645454,2,7,2009
Taylor,Jerry,17,JerryTaylorNone1716950553.264647,9,26,2006
Grant,Rosemary,20,RosemaryGrantNone1716950553.264901,7,21,2003
Kutz,Marcus,17,MarcusKutzNone1716950553.2687209,11,12,2006
Rebick,Eva,17,EvaRebickNone1716950553.3079376,12,31,2006
Henry,Jason,18,JasonHenryNone1716950553.308158,8,14,2005
Grant,Daniel,20,DanielGrantNone1716950553.3083715,3,7,2004
Weipert,Julia,18,JuliaWeipertNone1716950553.3306801,11,16,2005
Schley,Rosa,19,RosaSchleyNone1716950553.3380551,11,24,2004
Chapman,Lee,17,LeeChapmanNone1716950553.3385844,10,27,2006
Tribley,Wesley,19,WesleyTribleyNone1716950553.3617103,4,25,2005
Perez,Tara,19,TaraPerezNone1716950553.3620129,1,26,2005
Trevathan,Louann,16,LouannTrevathanNone1716950553.375373,1,14,2008
Hinderman,Phillip,17,PhillipHindermanNone1716950553.395613,5,23,2007
Agnew,Rayford,19,RayfordAgnewNone1716950553.3984518,7,10,2004
Adams,Jessica,17,JessicaAdamsNone1716950553.3985837,7,23,2006
Barnett,Rudy,21,RudyBarnettNone1716950553.399104,6,9,2002
Iezzi,Richard,21,RichardIezziNone1716950553.4156353,8,8,2002
Basinger,Lois,14,LoisBasingerNone1716950553.4211597,7,17,2009
Tarkington,Crystal,22,CrystalTarkingtonNone1716950553.432184,6,7,2001
Frost,Thomas,22,ThomasFrostNone1716950553.4327033,9,11,2001
Pollard,Brenda,18,BrendaPollardNone1716950553.4333706,3,30,2006
Capps,Brett,24,BrettCappsNone1716950553.4347332,2,28,2000
Meeler,Anthony,20,AnthonyMeelerNone1716950553.4583201,11,1,2003
Howe,Louise,16,LouiseHoweNone1716950553.459202,5,23,2008
Collins,Lillian,20,LillianCollinsNone1716950553.4594698,12,25,2003
Gregory,Robert,21,RobertGregoryNone1716950553.4598112,12,31,2002
Paz,Nancy,22,NancyPazNone1716950553.4621258,6,22,2001
Mccaleb,Richard,16,RichardMccalebNone1716950553.4664578,10,20,2007
Williams,Jerry,15,JerryWilliamsNone1716950553.4665527,2,4,2009
Pickett,Darnell,15,DarnellPickettNone1716950553.4674325,11,3,2008
Klein,Freddie,14,FreddieKleinNone1716950553.4679077,12,11,2009
Cassano,Guy,21,GuyCassanoNone1716950553.4789844,7,17,2002
Spencer,Anita,20,AnitaSpencerNone1716950553.4793148,9,20,2003
Sweigart,Dennis,16,DennisSweigartNone1716950553.4921606,11,21,2007
Panchik,Monica,17,MonicaPanchikNone1716950553.538126,8,6,2006
Garcia,Gene,18,GeneGarciaNone1716950553.5384295,3,20,2006
Romero,Tiffany,15,TiffanyRomeroNone1716950553.5387995,7,25,2008
Zins,Donald,18,DonaldZinsNone1716950553.5529733,1,3,2006
Loth,Sue,22,SueLothNone1716950553.5660167,9,14,2001
Hubbard,Rick,18,RickHubbardNone1716950553.5664916,10,5,2005
Flowers,Yolanda,16,YolandaFlowersNone1716950553.566903,9,4,2007
Pike,Ellen,19,EllenPikeNone1716950553.5677128,5,22,2005
Baca,Darcy,15,DarcyBacaNone1716950553.5691621,11,16,2008
Carter,Ann,14,AnnCarterNone1716950553.569285,12,28,2009
Proulx,Curtis,14,CurtisProulxNone1716950553.572726,9,12,2009
Numbers,David,23,DavidNumbersNone1716950553.5737352,2,16,2001
Tudor,Heather,22,HeatherTudorNone1716950553.5768135,12,8,2001
Lacasse,Lillian,21,LillianLacasseNone1716950553.5800347,2,4,2003
Meraz,Christine,15,ChristineMerazNone1716950553.583426,7,15,2008
Pennock,Ruben,23,RubenPennockNone1716950553.5890937,10,24,2000
Shafer,Tracy,22,TracyShaferNone1716950553.5900123,7,3,2001
Homan,James,17,JamesHomanNone1716950553.5926442,12,3,2006
Thompson,Laura,21,LauraThompsonNone1716950553.5927832,12,9,2002
Cooke,Perry,20,PerryCookeNone1716950553.5938156,11,18,2003
Bishop,Nancy,20,NancyBishopNone1716950553.5941038,6,15,2003
Mcdole,Kelly,14,KellyMcdoleNone1716950553.6050053,6,24,2009
Leslie,Sara,14,SaraLeslieNone1716950553.6060252,7,4,2009
Roll,James,22,JamesRollNone1716950553.6099327,11,30,2001
Pepper,Joseph,15,JosephPepperNone1716950553.6114862,7,9,2008
Albritton,Richard,17,RichardAlbrittonNone1716950553.614865,12,20,2006
Wright,William,18,WilliamWrightNone1716950553.6149857,3,17,2006
Matthews,Tamara,15,TamaraMatthewsNone1716950553.615389,4,16,2009
Roselli,Brian,15,BrianRoselliNone1716950553.6221015,9,23,2008
Clancy,Mitchell,17,MitchellClancyNone1716950553.6244712,2,28,2007
Foster,Mike,14,MikeFosterNone1716950553.624714,8,31,2009
Jellerson,Kenneth,20,KennethJellersonNone1716950553.6465032,2,18,2004
Jonas,Connie,23,ConnieJonasNone1716950553.649908,10,11,2000
Jopling,William,22,WilliamJoplingNone1716950553.6761098,2,25,2002
Brandon,George,23,GeorgeBrandonNone1716950553.67706,3,11,2001
Maglione,Iris,23,IrisMaglioneNone1716950553.6888168,6,11,2000
Nowell,Deborah,20,DeborahNowellNone1716950553.6923738,11,3,2003
Beck,Stephen,19,StephenBeckNone1716950553.692752,9,22,2004
Harris,John,24,JohnHarrisNone1716950553.6928656,1,7,2000
Miranda,Tammy,19,TammyMirandaNone1716950553.6934073,5,20,2005
Harris,Stephen,18,StephenHarrisNone1716950553.693555,2,15,2006
Tucker,Linda,16,LindaTuckerNone1716950553.6937647,2,26,2008
Camacho,Walter,23,WalterCamachoNone1716950553.6943324,4,23,2001
Mendez,Betty,17,BettyMendezNone1716950553.6946676,7,27,2006
Adamczak,Carol,20,CarolAdamczakNone1716950553.7192202,10,14,2003
Hibbitts,Timothy,16,TimothyHibbittsNone1716950553.7320933,1,6,2008
Norton,Molly,22,MollyNortonNone1716950553.7327507,11,12,2001
Cunningham,Wilbert,17,WilbertCunninghamNone1716950553.7331715,1,11,2007
Gilpatrick,Kyle,23,KyleGilpatrickNone1716950553.7496295,3,2,2001
Haas,Lawanda,20,LawandaHaasNone1716950553.7509089,2,7,2004
Sheridan,Neil,23,NeilSheridanNone1716950553.7521462,6,8,2000
Brassell,Stephanie,23,StephanieBrassellNone1716950553.7621953,11,17,2000
Taul,Samuel,16,SamuelTaulNone1716950553.7730718,4,2,2008
Kissel,Terri,23,TerriKisselNone1716950553.7794394,5,1,2001
Johnson,Margaret,21,MargaretJohnsonNone1716950553.779592,11,25,2002
Jennings,Elizabeth,20,ElizabethJenningsNone1716950553.7799165,4,30,2004
Eglinton,Gerald,23,GeraldEglintonNone1716950553.811559,1,18,2001
Kenny,Christine,19,ChristineKennyNone1716950553.8127778,2,27,2005
Oliver,Albert,15,AlbertOliverNone1716950553.8130167,12,29,2008
Wrenn,Jesus,20,JesusWrennNone1716950553.8171873,7,12,2003
Frazier,Augustine,18,AugustineFrazierNone1716950553.8180726,10,12,2005
Shields,Karen,22,KarenShieldsNone1716950553.8186235,5,14,2002
Cortez,Jimmy,20,JimmyCortezNone1716950553.8191903,1,27,2004
Reid,Rhonda,22,RhondaReidNone1716950553.819561,2,8,2002
Acevedo,Patricia,23,PatriciaAcevedoNone1716950553.8202384,10,27,2000
Cordero,Stephanie,22,StephanieCorderoNone1716950553.8213017,12,8,2001
Moody,Michele,23,MicheleMoodyNone1716950553.8218238,6,12,2000
Carswell,Kim,22,KimCarswellNone1716950553.825142,11,27,2001
Melendez,Gloria,23,GloriaMelendezNone1716950553.8258622,2,23,2001
Egge,Daisy,17,DaisyEggeNone1716950553.8444343,4,8,2007
Reddy,Wilson,20,WilsonReddyNone1716950553.847231,12,6,2003
Carrion,Marsha,16,MarshaCarrionNone1716950553.8498247,12,11,2007
Lakin,Michael,17,MichaelLakinNone1716950553.8544059,11,27,2006
Ahern,Lester,19,LesterAhernNone1716950553.8573663,3,17,2005
Mcqueen,Jeffrey,19,JeffreyMcqueenNone1716950553.8582969,6,16,2004
Oliver,Amy,19,AmyOliverNone1716950553.858514,2,9,2005
Gutierrez,Todd,20,ToddGutierrezNone1716950553.8588176,1,5,2004
Isacs,Robert,24,RobertIsacsNone1716950553.90335,3,2,2000
Phillips,James,19,JamesPhillipsNone1716950553.9035468,12,10,2004
White,Jason,23,JasonWhiteNone1716950553.9037006,7,17,2000
Elam,Vicente,18,VicenteElamNone1716950553.9059517,2,10,2006
Rivas,Charles,21,CharlesRivasNone1716950553.9066327,9,30,2002
Cannon,Tammy,18,TammyCannonNone1716950553.907077,11,21,2005
Hormell,Anna,15,AnnaHormellNone1716950553.9574893,8,18,2008
Moss,Jeremiah,23,JeremiahMossNone1716950553.9580777,2,20,2001
Foster,Janelle,17,JanelleFosterNone1716950553.958613,11,14,2006
Ferris,Floyd,17,FloydFerrisNone1716950553.9598646,3,10,2007
Garafalo,Rafael,19,RafaelGarafaloNone1716950553.999101,6,24,2004
Hunter,John,15,JohnHunterNone1716950553.999348,6,1,2008
Gutoski,Jeffrey,19,JeffreyGutoskiNone1716950554.030636,11,19,2004
Faria,Charles,18,CharlesFariaNone1716950554.0349588,7,10,2005
Quesada,Anthony,17,AnthonyQuesadaNone1716950554.0390449,5,6,2007
Rogers,Becky,23,BeckyRogersNone1716950554.0394094,6,20,2000
Cole,Walter,21,WalterColeNone1716950554.0396087,4,15,2003
Ware,Michelle,17,MichelleWareNone1716950554.040129,3,30,2007
Aronow,Michael,15,MichaelAronowNone1716950554.0805826,7,5,2008
Morren,Thomas,16,ThomasMorrenNone1716950554.1141648,11,19,2007
Davis,Thomas,18,ThomasDavisNone1716950554.1143215,7,1,2005
Lang,James,16,JamesLangNone1716950554.114829,7,26,2007
Hyun,Cassandra,16,CassandraHyunNone1716950554.1309445,3,22,2008
Crowley,Stacy,23,StacyCrowleyNone1716950554.13171,2,11,2001
Goins,John,19,JohnGoinsNone1716950554.1324518,4,29,2005
Vaughn,Kris,15,KrisVaughnNone1716950554.133218,11,4,2008
Brady,Terry,22,TerryBradyNone1716950554.1337035,3,5,2002
Love,Derick,16,DerickLoveNone1716950554.1344416,9,24,2007
Becker,Roderick,20,RoderickBeckerNone1716950554.1349368,9,11,2003
Oyler,Retha,22,RethaOylerNone1716950554.139811,7,17,2001
Stindt,Vernon,15,VernonStindtNone1716950554.1850548,10,30,2008
Osborn,James,19,JamesOsbornNone1716950554.1856534,5,7,2005
Monzo,Marie,20,MarieMonzoNone1716950554.195259,7,29,2003
Smith,Lawrence,17,LawrenceSmithNone1716950554.1953716,5,31,2006
Cunningham,Elizabeth,18,ElizabethCunninghamNone1716950554.1955688,11,2,2005
Booth,Eileen,18,EileenBoothNone1716950554.1961596,5,26,2006
Rodriguez,Harold,20,HaroldRodriguezNone1716950554.1963255,10,4,2003
Moroz,Darren,14,DarrenMorozNone1716950554.2118835,6,25,2009
White,Arturo,15,ArturoWhiteNone1716950554.212162,4,10,2009
Pack,Tara,18,TaraPackNone1716950554.2134447,9,4,2005
Sexton,Ramona,19,RamonaSextonNone1716950554.214119,5,3,2005
Lewis,Karyn,17,KarynLewisNone1716950554.2147865,6,24,2006
Rothfeld,Kristine,22,KristineRothfeldNone1716950554.2578316,4,30,2002
Hill,John,21,JohnHillNone1716950554.2580197,3,28,2003
Forbush,Cathy,19,CathyForbushNone1716950554.2668357,3,16,2005
Garcia,Michael,24,MichaelGarciaNone1716950554.2669637,4,20,2000
Hitt,Tom,21,TomHittNone1716950554.2695434,9,7,2002
Hennessy,David,21,DavidHennessyNone1716950554.2733316,12,12,2002
Spurlock,Debbie,20,DebbieSpurlockNone1716950554.2751868,6,23,2003
Kanagy,Patricia,14,PatriciaKanagyNone1716950554.2821217,9,29,2009
Snyder,Alexander,19,AlexanderSnyderNone1716950554.2824173,6,26,2004
Heilmann,Elroy,22,ElroyHeilmannNone1716950554.2978435,10,15,2001
Younce,Willie,23,WillieYounceNone1716950554.306196,2,19,2001
Wynder,Elbert,19,ElbertWynderNone1716950554.3362496,3,5,2005
Pelley,Thomas,23,ThomasPelleyNone1716950554.3456216,8,27,2000
Rynn,Edward,20,EdwardRynnNone1716950554.3736367,8,9,2003
Mestler,Ivan,16,IvanMestlerNone1716950554.4216487,10,22,2007
Arnold,Eva,18,EvaArnoldNone1716950554.4220605,9,9,2005
Stoner,Maria,21,MariaStonerNone1716950554.4237595,2,21,2003
Jackson,Lynn,14,LynnJacksonNone1716950554.4239984,6,19,2009
Maxwell,Robt,20,RobtMaxwellNone1716950554.4251149,11,25,2003
Young,Steven,15,StevenYoungNone1716950554.4252641,6,18,2008
Flynn,Tonya,20,TonyaFlynnNone1716950554.425692,8,23,2003
Garay,Donna,22,DonnaGarayNone1716950554.4313369,4,13,2002
Snyder,Kim,23,KimSnyderNone1716950554.431609,3,12,2001
Bohannon,Vicki,18,VickiBohannonNone1716950554.4332778,4,13,2006
Yengo,Sidney,20,SidneyYengoNone1716950554.4630046,12,22,2003
Wilson,Etta,17,EttaWilsonNone1716950554.463611,3,20,2007
Aitken,Peter,23,PeterAitkenNone1716950554.4689863,9,14,2000
Crutcher,Jacqueline,15,JacquelineCrutcherNone1716950554.4708843,5,12,2009
Matheny,Robert,17,RobertMathenyNone1716950554.4730844,4,8,2007
Chadwick,Carlos,23,CarlosChadwickNone1716950554.4745386,9,5,2000
Virgil,Don,15,DonVirgilNone1716950554.4789383,9,13,2008
Lewis,John,17,JohnLewisNone1716950554.479075,10,13,2006
Smalls,Donna,17,DonnaSmallsNone1716950554.4803262,4,24,2007
Hough,Jo,18,JoHoughNone1716950554.481546,4,24,2006
Brown,James,20,JamesBrownNone1716950554.481671,3,11,2004
Goforth,Diane,18,DianeGoforthNone1716950554.483504,1,25,2006
Girdley,Christine,18,ChristineGirdleyNone1716950554.503352,11,25,2005
Sanders,Dwight,16,DwightSandersNone1716950554.5037456,6,19,2007
Huber,Helen,18,HelenHuberNone1716950554.5044255,3,19,2006
Gordon,Brittany,23,BrittanyGordonNone1716950554.5047238,12,22,2000
Carpenter,Anita,23,AnitaCarpenterNone1716950554.5050566,7,12,2000
Craig,Theodore,19,TheodoreCraigNone1716950554.5054915,6,11,2004
Dobson,Crystal,21,CrystalDobsonNone1716950554.5066197,1,27,2003
Sims,Alaina,21,AlainaSimsNone1716950554.5079067,12,28,2002
Small,Marina,24,MarinaSmallNone1716950554.5088122,3,16,2000
Coleman,Kevin,17,KevinColemanNone1716950554.508995,7,13,2006
Hiles,Rebecca,17,RebeccaHilesNone1716950554.513481,6,4,2006
Winters,Lester,14,LesterWintersNone1716950554.5140352,11,4,2009
Stephens,Warren,15,WarrenStephensNone1716950554.5143194,3,23,2009
Turner,Patti,18,PattiTurnerNone1716950554.5146558,9,3,2005
Jones,Beth,23,BethJonesNone1716950554.5148528,7,7,2000
Wilke,Paula,18,PaulaWilkeNone1716950554.5173798,6,18,2005
Vansice,Juan,18,JuanVansiceNone1716950554.5528533,12,14,2005
Williams,Veronica,23,VeronicaWilliamsNone1716950554.5530298,5,25,2001
Marks,Myrtle,18,MyrtleMarksNone1716950554.5535412,5,8,2006
Oconner,Cindy,19,CindyOconnerNone1716950554.5558944,3,30,2005
Keene,Michael,14,MichaelKeeneNone1716950554.5573385,6,3,2009
Beaucage,Mathew,22,MathewBeaucageNone1716950554.5855577,12,4,2001
Wolf,Matthew,19,MatthewWolfNone1716950554.5860107,2,21,2005
Berntson,Douglas,22,DouglasBerntsonNone1716950554.6081312,12,2,2001
Svenson,Jerry,20,JerrySvensonNone1716950554.651503,8,2,2003
Grant,Melanie,16,MelanieGrantNone1716950554.6518793,4,14,2008
Guthrie,Kelly,15,KellyGuthrieNone1716950554.652788,2,14,2009
Smyth,Judy,20,JudySmythNone1716950554.658876,5,21,2004
Lawyer,Deborah,18,DeborahLawyerNone1716950554.6638026,5,1,2006
Smith,Michael,20,MichaelSmithNone1716950554.6639283,7,27,2003
Pritchard,Samantha,19,SamanthaPritchardNone1716950554.6650755,5,5,2005
Sedillo,Thomas,21,ThomasSedilloNone1716950554.6702013,1,19,2003
Flynn,Quentin,17,QuentinFlynnNone1716950554.6710794,9,14,2006
Batten,Louis,20,LouisBattenNone1716950554.6737654,1,31,2004
Anderson,Robert,15,RobertAndersonNone1716950554.6747723,1,20,2009
Ashman,Charlene,22,CharleneAshmanNone1716950554.6838913,1,13,2002
Wilder,Charles,15,CharlesWilderNone1716950554.6846247,4,14,2009
Larson,John,15,JohnLarsonNone1716950554.6849096,9,1,2008
Mckenzie,Ann,19,AnnMckenzieNone1716950554.6853461,11,14,2004
Briggs,Dawn,15,DawnBriggsNone1716950554.6858413,12,22,2008
Alber,Ashley,20,AshleyAlberNone1716950554.6944673,3,23,2004
Biscoe,Roy,24,RoyBiscoeNone1716950554.7046149,5,4,2000
Zumbrunnen,Regina,18,ReginaZumbrunnenNone1716950554.7423117,3,20,2006
Wilder,Karlene,17,KarleneWilderNone1716950554.744388,6,13,2006
Malton,John,18,JohnMaltonNone1716950554.7993178,10,16,2005
Fundora,Doris,21,DorisFundoraNone1716950554.8486257,8,21,2002
Henry,Jennifer,22,JenniferHenryNone1716950554.848854,7,25,2001
Thomas,Norma,24,NormaThomasNone1716950554.849054,1,3,2000
Faris,Douglas,17,DouglasFarisNone1716950554.8521073,4,15,2007
Cleare,Sammy,23,SammyCleareNone1716950554.8893113,8,12,2000
Garner,Sylvia,14,SylviaGarnerNone1716950554.889832,8,21,2009
Jackson,Doris,23,DorisJacksonNone1716950554.8899882,5,31,2000
Smith,Julie,15,JulieSmithNone1716950554.8901381,5,30,2008
Campbell,Mary,20,MaryCampbellNone1716950554.8902822,9,8,2003
Hutchins,Donald,14,DonaldHutchinsNone1716950554.8911972,8,9,2009
Marinez,Jessica,15,JessicaMarinezNone1716950554.8988488,7,16,2008
Jagers,Barbara,18,BarbaraJagersNone1716950554.9349058,5,1,2006
Myers,Paul,22,PaulMyersNone1716950554.9351373,9,6,2001
Rodriguez,Vicki,19,VickiRodriguezNone1716950554.9354067,10,20,2004
Hayes,Robert,15,RobertHayesNone1716950554.9355934,4,18,2009
Vancleave,Julie,17,JulieVancleaveNone1716950554.940939,3,21,2007
Strickland,Joseph,23,JosephStricklandNone1716950554.9412851,4,13,2001
Eadie,Sherman,16,ShermanEadieNone1716950554.9532385,9,15,2007
Matton,Paul,23,PaulMattonNone1716950554.9676292,10,1,2000
Carmen,Judy,23,JudyCarmenNone1716950554.9752884,9,12,2000
Upchurch,Janice,22,JaniceUpchurchNone1716950554.97767,10,12,2001
Swallow,Dianna,23,DiannaSwallowNone1716950554.9841394,8,31,2000
Ohara,Jamie,18,JamieOharaNone1716950554.985585,6,3,2005
Crabtree,Mark,17,MarkCrabtreeNone1716950554.986349,12,12,2006
Schusterman,Daniel,22,DanielSchustermanNone1716950555.0167875,2,25,2002
Velez,Verna,22,VernaVelezNone1716950555.017696,3,30,2002
Montagna,Martha,16,MarthaMontagnaNone1716950555.030091,4,16,2008
Marcano,Irene,19,IreneMarcanoNone1716950555.0349615,2,26,2005
Mcgaughey,Jose,19,JoseMcgaugheyNone1716950555.043211,4,30,2005
Hafenstein,Kenneth,21,KennethHafensteinNone1716950555.080769,1,24,2003
Pierce,Michael,15,MichaelPierceNone1716950555.0809758,1,27,2009
Canida,Nancy,24,NancyCanidaNone1716950555.105613,4,24,2000
Ruiz,Johnnie,18,JohnnieRuizNone1716950555.1060746,2,17,2006
Marcus,Joseph,22,JosephMarcusNone1716950555.107541,5,7,2002
Ricks,Craig,21,CraigRicksNone1716950555.108701,11,10,2002
